product_type,web-scraper-order,web-scraper-start-url,productname_raw,price_raw,weight_raw,pieces_raw
butter,1698754764-1,https://www.aldi-now.ch/de/milchprodukte-&-eier?ipp=36&quantity=1&quantity=1&quantity=1&quantity=1&quantity=1&quantity=1&quantity=1&quantity=1&quantity=1&quantity=1&quantity=1&quantity=1&quantity=1&quantity=1&quantity=1&quantity=1&quantity=1&quantity=1&quantity=1&quantity=1&quantity=1&quantity=1&quantity=1&quantity=1&quantity=1&q=butter,Die Butter,3.95,250 g,
butter,1698754764-2,https://www.aldi-now.ch/de/milchprodukte-&-eier?ipp=36&quantity=1&quantity=1&quantity=1&quantity=1&quantity=1&quantity=1&quantity=1&quantity=1&quantity=1&quantity=1&quantity=1&quantity=1&quantity=1&quantity=1&quantity=1&quantity=1&quantity=1&quantity=1&quantity=1&quantity=1&quantity=1&quantity=1&quantity=1&quantity=1&quantity=1&q=butter,RETOUR AUX SOURCES BIO Butter,4.19,200 g,
butter,1698754764-3,https://www.aldi-now.ch/de/milchprodukte-&-eier?ipp=36&quantity=1&quantity=1&quantity=1&quantity=1&quantity=1&quantity=1&quantity=1&quantity=1&quantity=1&quantity=1&quantity=1&quantity=1&quantity=1&quantity=1&quantity=1&quantity=1&quantity=1&quantity=1&quantity=1&quantity=1&quantity=1&quantity=1&quantity=1&quantity=1&quantity=1&q=butter,"BIO NATURA Butter 100 g, laktosefrei",2.95,100 g,
butter,1698754764-4,https://www.aldi-now.ch/de/milchprodukte-&-eier?ipp=36&quantity=1&quantity=1&quantity=1&quantity=1&quantity=1&quantity=1&quantity=1&quantity=1&quantity=1&quantity=1&quantity=1&quantity=1&quantity=1&quantity=1&quantity=1&quantity=1&quantity=1&quantity=1&quantity=1&quantity=1&quantity=1&quantity=1&quantity=1&quantity=1&quantity=1&q=butter,MILFINA Kochbutter,3.49,250 g,
butter,1698754764-5,https://www.aldi-now.ch/de/milchprodukte-&-eier?ipp=36&quantity=1&quantity=1&quantity=1&quantity=1&quantity=1&quantity=1&quantity=1&quantity=1&quantity=1&quantity=1&quantity=1&quantity=1&quantity=1&quantity=1&quantity=1&quantity=1&quantity=1&quantity=1&quantity=1&quantity=1&quantity=1&quantity=1&quantity=1&quantity=1&quantity=1&q=butter,MILFINA Kräuterbutter,2.85,100 g,
butter,1698754764-6,https://www.aldi-now.ch/de/milchprodukte-&-eier?ipp=36&quantity=1&quantity=1&quantity=1&quantity=1&quantity=1&quantity=1&quantity=1&quantity=1&quantity=1&quantity=1&quantity=1&quantity=1&quantity=1&quantity=1&quantity=1&quantity=1&quantity=1&quantity=1&quantity=1&quantity=1&quantity=1&quantity=1&quantity=1&quantity=1&quantity=1&q=butter,MILFINA Vorzugsbutter,3.45,200 g,
butter,1698754764-7,https://www.aldi-now.ch/de/milchprodukte-&-eier?ipp=36&quantity=1&quantity=1&quantity=1&quantity=1&quantity=1&quantity=1&quantity=1&quantity=1&quantity=1&quantity=1&quantity=1&quantity=1&quantity=1&quantity=1&quantity=1&quantity=1&quantity=1&quantity=1&quantity=1&quantity=1&quantity=1&quantity=1&quantity=1&quantity=1&quantity=1&q=butter,FLORALP Vorzugsbutter,3.59,200 g,
butter,1698754764-8,https://www.aldi-now.ch/de/milchprodukte-&-eier?ipp=36&quantity=1&quantity=1&quantity=1&quantity=1&quantity=1&quantity=1&quantity=1&quantity=1&quantity=1&quantity=1&quantity=1&quantity=1&quantity=1&quantity=1&quantity=1&quantity=1&quantity=1&quantity=1&quantity=1&quantity=1&quantity=1&quantity=1&quantity=1&quantity=1&quantity=1&q=butter,ZÜGER Bura Rapsölbutter,3.89,225 g,
butter,1698754764-9,https://www.aldi-now.ch/de/milchprodukte-&-eier?ipp=36&quantity=1&quantity=1&quantity=1&quantity=1&quantity=1&quantity=1&quantity=1&quantity=1&quantity=1&quantity=1&quantity=1&quantity=1&quantity=1&quantity=1&quantity=1&quantity=1&quantity=1&quantity=1&quantity=1&quantity=1&quantity=1&quantity=1&quantity=1&quantity=1&quantity=1&q=butter,"ZÜGER Bura Rapsölbutter, gesalzen",3.89,225 g,
butter,1698754764-10,https://www.aldi-now.ch/de/milchprodukte-&-eier?ipp=36&quantity=1&quantity=1&quantity=1&quantity=1&quantity=1&quantity=1&quantity=1&quantity=1&quantity=1&quantity=1&quantity=1&quantity=1&quantity=1&quantity=1&quantity=1&quantity=1&quantity=1&quantity=1&quantity=1&quantity=1&quantity=1&quantity=1&quantity=1&quantity=1&quantity=1&q=butter,LE CHEF Gesalzene Butter mit Alpensalz,2.95,100 g,
butter,1698754764-11,https://www.aldi-now.ch/de/milchprodukte-&-eier?ipp=36&quantity=1&quantity=1&quantity=1&quantity=1&quantity=1&quantity=1&quantity=1&quantity=1&quantity=1&quantity=1&quantity=1&quantity=1&quantity=1&quantity=1&quantity=1&quantity=1&quantity=1&quantity=1&quantity=1&quantity=1&quantity=1&quantity=1&quantity=1&quantity=1&quantity=1&q=butter,MILFINA Vorzugsbutter,3.99,200 g,
butter,1698754764-12,https://www.aldi-now.ch/de/milchprodukte-&-eier?ipp=36&quantity=1&quantity=1&quantity=1&quantity=1&quantity=1&quantity=1&quantity=1&quantity=1&quantity=1&quantity=1&quantity=1&quantity=1&quantity=1&quantity=1&quantity=1&quantity=1&quantity=1&quantity=1&quantity=1&quantity=1&quantity=1&quantity=1&quantity=1&quantity=1&quantity=1&q=butter,RAMA Universelle Margarine,2.39,225 g,
butter,1698754764-13,https://www.aldi-now.ch/de/milchprodukte-&-eier?ipp=36&quantity=1&quantity=1&quantity=1&quantity=1&quantity=1&quantity=1&quantity=1&quantity=1&quantity=1&quantity=1&quantity=1&quantity=1&quantity=1&quantity=1&quantity=1&quantity=1&quantity=1&quantity=1&quantity=1&quantity=1&quantity=1&quantity=1&quantity=1&quantity=1&quantity=1&q=butter,BELLASAN Margarine mit Sonnenblumenöl,2.39,500 g,
butter,1698754764-14,https://www.aldi-now.ch/de/milchprodukte-&-eier?ipp=36&quantity=1&quantity=1&quantity=1&quantity=1&quantity=1&quantity=1&quantity=1&quantity=1&quantity=1&quantity=1&quantity=1&quantity=1&quantity=1&quantity=1&quantity=1&quantity=1&quantity=1&quantity=1&quantity=1&quantity=1&quantity=1&quantity=1&quantity=1&quantity=1&quantity=1&q=butter,BELLASAN Cholesterinsenkende Halbfett-Margarine,2.29,250 g,
butter,1698754764-15,https://www.aldi-now.ch/de/milchprodukte-&-eier?ipp=36&quantity=1&quantity=1&quantity=1&quantity=1&quantity=1&quantity=1&quantity=1&quantity=1&quantity=1&quantity=1&quantity=1&quantity=1&quantity=1&quantity=1&quantity=1&quantity=1&quantity=1&quantity=1&quantity=1&quantity=1&quantity=1&quantity=1&quantity=1&quantity=1&quantity=1&q=butter,"BELLASAN Margarine mit Butter, gesalzen",2.65,250 g,
butter,1698754764-16,https://www.aldi-now.ch/de/milchprodukte-&-eier?ipp=36&quantity=1&quantity=1&quantity=1&quantity=1&quantity=1&quantity=1&quantity=1&quantity=1&quantity=1&quantity=1&quantity=1&quantity=1&quantity=1&quantity=1&quantity=1&quantity=1&quantity=1&quantity=1&quantity=1&quantity=1&quantity=1&quantity=1&quantity=1&quantity=1&quantity=1&q=butter,"BELLASAN Margarine mit Butter, normal",2.65,250 g,
eggs,1698755441-1,https://www.aldi-now.ch/de/milchprodukte-&-eier/eier?ipp=36&quantity=1&quantity=1&quantity=1&quantity=1&quantity=1&quantity=1&quantity=1&quantity=1&quantity=1&quantity=1&quantity=1&quantity=1&quantity=1&quantity=1&quantity=1&quantity=1&quantity=1&quantity=1&quantity=1&quantity=1&quantity=1&quantity=1&quantity=1&quantity=1&quantity=1&quantity=1&quantity=1&quantity=1&quantity=1&quantity=1&quantity=1&quantity=1&quantity=1&quantity=1&quantity=1&quantity=1&q=eier,"Eier Bodenhaltung Import, 10er-Pack",2.83,,10.0
eggs,1698755441-2,https://www.aldi-now.ch/de/milchprodukte-&-eier/eier?ipp=36&quantity=1&quantity=1&quantity=1&quantity=1&quantity=1&quantity=1&quantity=1&quantity=1&quantity=1&quantity=1&quantity=1&quantity=1&quantity=1&quantity=1&quantity=1&quantity=1&quantity=1&quantity=1&quantity=1&quantity=1&quantity=1&quantity=1&quantity=1&quantity=1&quantity=1&quantity=1&quantity=1&quantity=1&quantity=1&quantity=1&quantity=1&quantity=1&quantity=1&quantity=1&quantity=1&quantity=1&q=eier,"Schweizer Eier Bodenhaltung, 10er-Pack",3.95,,10.0
eggs,1698755441-3,https://www.aldi-now.ch/de/milchprodukte-&-eier/eier?ipp=36&quantity=1&quantity=1&quantity=1&quantity=1&quantity=1&quantity=1&quantity=1&quantity=1&quantity=1&quantity=1&quantity=1&quantity=1&quantity=1&quantity=1&quantity=1&quantity=1&quantity=1&quantity=1&quantity=1&quantity=1&quantity=1&quantity=1&quantity=1&quantity=1&quantity=1&quantity=1&quantity=1&quantity=1&quantity=1&quantity=1&quantity=1&quantity=1&quantity=1&quantity=1&quantity=1&quantity=1&q=eier,"NATURE SUISSE Freilandeier Pic Nic, 6er-Pack",3.49,,6.0
eggs,1698755441-4,https://www.aldi-now.ch/de/milchprodukte-&-eier/eier?ipp=36&quantity=1&quantity=1&quantity=1&quantity=1&quantity=1&quantity=1&quantity=1&quantity=1&quantity=1&quantity=1&quantity=1&quantity=1&quantity=1&quantity=1&quantity=1&quantity=1&quantity=1&quantity=1&quantity=1&quantity=1&quantity=1&quantity=1&quantity=1&quantity=1&quantity=1&quantity=1&quantity=1&quantity=1&quantity=1&quantity=1&quantity=1&quantity=1&quantity=1&quantity=1&quantity=1&quantity=1&q=eier,"RETOUR AUX SOURCES BIO Pic Nic Freilandeier, 4er-Pack",3.95,,4.0
eggs,1698755441-5,https://www.aldi-now.ch/de/milchprodukte-&-eier/eier?ipp=36&quantity=1&quantity=1&quantity=1&quantity=1&quantity=1&quantity=1&quantity=1&quantity=1&quantity=1&quantity=1&quantity=1&quantity=1&quantity=1&quantity=1&quantity=1&quantity=1&quantity=1&quantity=1&quantity=1&quantity=1&quantity=1&quantity=1&quantity=1&quantity=1&quantity=1&quantity=1&quantity=1&quantity=1&quantity=1&quantity=1&quantity=1&quantity=1&quantity=1&quantity=1&quantity=1&quantity=1&q=eier,"NATURE SUISSE Freilandeier, 6er-Pack",3.19,,6.0
eggs,1698755441-6,https://www.aldi-now.ch/de/milchprodukte-&-eier/eier?ipp=36&quantity=1&quantity=1&quantity=1&quantity=1&quantity=1&quantity=1&quantity=1&quantity=1&quantity=1&quantity=1&quantity=1&quantity=1&quantity=1&quantity=1&quantity=1&quantity=1&quantity=1&quantity=1&quantity=1&quantity=1&quantity=1&quantity=1&quantity=1&quantity=1&quantity=1&quantity=1&quantity=1&quantity=1&quantity=1&quantity=1&quantity=1&quantity=1&quantity=1&quantity=1&quantity=1&quantity=1&q=eier,"RETOUR AUX SOURCES BIO Freilandeier, 6er-Pack",4.69,,6.0
flour,1698753392-1,https://www.aldi-now.ch/de/vorr%C3%A4te/backartikel?ipp=36&quantity=1&quantity=1&quantity=1&quantity=1&quantity=1&quantity=1&quantity=1&quantity=1&quantity=1&quantity=1&quantity=1&quantity=1&quantity=1&quantity=1&quantity=1&quantity=1&quantity=1&quantity=1&quantity=1&quantity=1&q=mehl,NATURE SUISSE BIO Halbweissmehl,2.99,1kg,
flour,1698753392-2,https://www.aldi-now.ch/de/vorr%C3%A4te/backartikel?ipp=36&quantity=1&quantity=1&quantity=1&quantity=1&quantity=1&quantity=1&quantity=1&quantity=1&quantity=1&quantity=1&quantity=1&quantity=1&quantity=1&quantity=1&quantity=1&quantity=1&quantity=1&quantity=1&quantity=1&quantity=1&q=mehl,HAPPY HARVEST Zopfmehl,1.99,1kg,
flour,1698753392-3,https://www.aldi-now.ch/de/vorr%C3%A4te/backartikel?ipp=36&quantity=1&quantity=1&quantity=1&quantity=1&quantity=1&quantity=1&quantity=1&quantity=1&quantity=1&quantity=1&quantity=1&quantity=1&quantity=1&quantity=1&quantity=1&quantity=1&quantity=1&quantity=1&quantity=1&quantity=1&q=mehl,HAPPY HARVEST Ruchmehl,2.19,1kg,
flour,1698753392-4,https://www.aldi-now.ch/de/vorr%C3%A4te/backartikel?ipp=36&quantity=1&quantity=1&quantity=1&quantity=1&quantity=1&quantity=1&quantity=1&quantity=1&quantity=1&quantity=1&quantity=1&quantity=1&quantity=1&quantity=1&quantity=1&quantity=1&quantity=1&quantity=1&quantity=1&quantity=1&q=mehl,HAPPY HARVEST Weissmehl,0.99,1kg,
flour,1698753392-5,https://www.aldi-now.ch/de/vorr%C3%A4te/backartikel?ipp=36&quantity=1&quantity=1&quantity=1&quantity=1&quantity=1&quantity=1&quantity=1&quantity=1&quantity=1&quantity=1&quantity=1&quantity=1&quantity=1&quantity=1&quantity=1&quantity=1&quantity=1&quantity=1&quantity=1&quantity=1&q=mehl,"HAPPY HARVEST Brotbackmischung, Vollkornbrot",1.99,1kg,
flour,1698753392-6,https://www.aldi-now.ch/de/vorr%C3%A4te/backartikel?ipp=36&quantity=1&quantity=1&quantity=1&quantity=1&quantity=1&quantity=1&quantity=1&quantity=1&quantity=1&quantity=1&quantity=1&quantity=1&quantity=1&quantity=1&quantity=1&quantity=1&quantity=1&quantity=1&quantity=1&quantity=1&q=mehl,"HAPPY HARVEST Brotbackmischung, Pizzateig",1.99,1kg,
flour,1698753392-7,https://www.aldi-now.ch/de/vorr%C3%A4te/backartikel?ipp=36&quantity=1&quantity=1&quantity=1&quantity=1&quantity=1&quantity=1&quantity=1&quantity=1&quantity=1&quantity=1&quantity=1&quantity=1&quantity=1&quantity=1&quantity=1&quantity=1&quantity=1&quantity=1&quantity=1&quantity=1&q=mehl,"HAPPY HARVEST Brotbackmischung, Sonnenkernbrot",1.99,1kg,
flour,1698753392-8,https://www.aldi-now.ch/de/vorr%C3%A4te/backartikel?ipp=36&quantity=1&quantity=1&quantity=1&quantity=1&quantity=1&quantity=1&quantity=1&quantity=1&quantity=1&quantity=1&quantity=1&quantity=1&quantity=1&quantity=1&quantity=1&quantity=1&quantity=1&quantity=1&quantity=1&quantity=1&q=mehl,"HAPPY HARVEST Weissmehl, revitaminisiert",1.29,1kg,
flour,1698753392-9,https://www.aldi-now.ch/de/vorr%C3%A4te/backartikel?ipp=36&quantity=1&quantity=1&quantity=1&quantity=1&quantity=1&quantity=1&quantity=1&quantity=1&quantity=1&quantity=1&quantity=1&quantity=1&quantity=1&quantity=1&quantity=1&quantity=1&quantity=1&quantity=1&quantity=1&quantity=1&q=mehl,HAPPY HARVEST Dinkel-Vollkornmehl,3.79,1kg,
flour,1698753392-10,https://www.aldi-now.ch/de/vorr%C3%A4te/backartikel?ipp=36&quantity=1&quantity=1&quantity=1&quantity=1&quantity=1&quantity=1&quantity=1&quantity=1&quantity=1&quantity=1&quantity=1&quantity=1&quantity=1&quantity=1&quantity=1&quantity=1&quantity=1&quantity=1&quantity=1&quantity=1&q=mehl,HAPPY HARVEST Dinkel-Spätzlimehl,3.79,1kg,
flour,1698753392-16,https://www.aldi-now.ch/de/vorr%C3%A4te/backartikel?ipp=36&quantity=1&quantity=1&quantity=1&quantity=1&quantity=1&quantity=1&quantity=1&quantity=1&quantity=1&quantity=1&quantity=1&quantity=1&quantity=1&quantity=1&quantity=1&quantity=1&quantity=1&quantity=1&quantity=1&quantity=1&q=mehl,HAPPY HARVEST Dinkelmehl hell,3.79,1kg,
flour,1698753392-17,https://www.aldi-now.ch/de/vorr%C3%A4te/backartikel?ipp=36&quantity=1&quantity=1&quantity=1&quantity=1&quantity=1&quantity=1&quantity=1&quantity=1&quantity=1&quantity=1&quantity=1&quantity=1&quantity=1&quantity=1&quantity=1&quantity=1&quantity=1&quantity=1&quantity=1&quantity=1&q=mehl,NATURE SUISSE BIO Ruchmehl,2.99,1kg,
flour,1698753392-18,https://www.aldi-now.ch/de/vorr%C3%A4te/backartikel?ipp=36&quantity=1&quantity=1&quantity=1&quantity=1&quantity=1&quantity=1&quantity=1&quantity=1&quantity=1&quantity=1&quantity=1&quantity=1&quantity=1&quantity=1&quantity=1&quantity=1&quantity=1&quantity=1&quantity=1&quantity=1&q=mehl,NATURE SUISSE BIO Vollkornmehl,2.99,1kg,
butter,1698740581-1,https://www.coop.ch/de/search?page=2&pageSize=30&q=butter:relevance&text=butter&sort=relevance,Rama Sooo BUTTRIG! Mödeli,2.75,250g,
butter,1698740581-2,https://www.coop.ch/de/search?page=2&pageSize=30&q=butter:relevance&text=butter&sort=relevance,Naturaplan Bio Butter gesalzen,2.8,100g,
butter,1698740581-3,https://www.coop.ch/de/search?page=2&pageSize=30&q=butter:relevance&text=butter&sort=relevance,Fine Food Bio Butter mit Fleur de Sel de Guérande,3.55,100g,
butter,1698740581-4,https://www.coop.ch/de/search?page=2&pageSize=30&q=butter:relevance&text=butter&sort=relevance,Kräuterbutter-Rolle,2.85,100g,
butter,1698740581-5,https://www.coop.ch/de/search?page=2&pageSize=30&q=butter:relevance&text=butter&sort=relevance,Brunos Kräuterbutter,4.95,75g,
butter,1698740581-6,https://www.coop.ch/de/search?page=2&pageSize=30&q=butter:relevance&text=butter&sort=relevance,Hirz Kräuterbutter 4x15g,2.35,60g,
butter,1698740581-7,https://www.coop.ch/de/search?page=2&pageSize=30&q=butter:relevance&text=butter&sort=relevance,Karma The Vegan Pflanzliche Alternative zu Butter,4.95,250g,
butter,1698740581-8,https://www.coop.ch/de/search?page=2&pageSize=30&q=butter:relevance&text=butter&sort=relevance,Naturaplan Bio Kräuterbutter,3.95,40g,
butter,1698740581-9,https://www.coop.ch/de/search?page=2&pageSize=30&q=butter:relevance&text=butter&sort=relevance,Hirz Café de Paris 4x15g,2.5,60g,
butter,1698740581-10,https://www.coop.ch/de/search?page=2&pageSize=30&q=butter:relevance&text=butter&sort=relevance,Café de Paris Mousse 6x10g,4.2,60g,
butter,1698740581-11,https://www.coop.ch/de/search?page=2&pageSize=30&q=butter:relevance&text=butter&sort=relevance,Kräuterbutter 6x10g,4.6,60g,
butter,1698740581-12,https://www.coop.ch/de/search?page=2&pageSize=30&q=butter:relevance&text=butter&sort=relevance,Kräuterbutter Whisky 4x10g,3.95,40g,
butter,1698740581-13,https://www.coop.ch/de/search?page=2&pageSize=30&q=butter:relevance&text=butter&sort=relevance,Naturaplan Bio Ghee geklärte Butter,10.75,180g,
butter,1698740581-14,https://www.coop.ch/de/search?page=2&pageSize=30&q=butter:relevance&text=butter&sort=relevance,Sais Astra Speisefett mit 10% Butter,7.95,450g,
butter,1698740581-16,https://www.coop.ch/de/search?page=2&pageSize=30&q=butter:relevance&text=butter&sort=relevance,Zibu Zigerbutter,2.8,80g,
butter,1698740581-17,https://www.coop.ch/de/search?page=2&pageSize=30&q=butter:relevance&text=butter&sort=relevance,Naturaplan Bio Kochbutter,4.65,220g,
butter,1698740581-18,https://www.coop.ch/de/search?page=2&pageSize=30&q=butter:relevance&text=butter&sort=relevance,Die Bratbutter Gourmet,10.95,450g,
butter,1698740581-19,https://www.coop.ch/de/search?page=2&pageSize=30&q=butter:relevance&text=butter&sort=relevance,Hipp Riegel Elefant Butterkeks 12+ Monate 2x  20g,2.2,40g,
butter,1698740581-20,https://www.coop.ch/de/search?page=2&pageSize=30&q=butter:relevance&text=butter&sort=relevance,Prix Garantie Kochbutter,3.7,250g,
butter,1698740581-21,https://www.coop.ch/de/search?page=2&pageSize=30&q=butter:relevance&text=butter&sort=relevance,Frischback Silser Buttergipfel,3.2,200g,
butter,1698740584-24,https://www.coop.ch/de/search?page=1&pageSize=30&q=butter:relevance&text=butter&sort=relevance,Rama Sooo BUTTRIG!,2.95,225g,
butter,1698740584-25,https://www.coop.ch/de/search?page=1&pageSize=30&q=butter:relevance&text=butter&sort=relevance,Flora 100% pflanzlich,3.1,250g,
butter,1698740584-26,https://www.coop.ch/de/search?page=1&pageSize=30&q=butter:relevance&text=butter&sort=relevance,Rama Sooo BUTTRIG!,4.5,400g,
butter,1698740584-27,https://www.coop.ch/de/search?page=1&pageSize=30&q=butter:relevance&text=butter&sort=relevance,Floralp Vorzugsbutter,3.6,200g,
butter,1698740584-28,https://www.coop.ch/de/search?page=1&pageSize=30&q=butter:relevance&text=butter&sort=relevance,Naturaplan Bio Butter,4.4,200g,
butter,1698740584-29,https://www.coop.ch/de/search?page=1&pageSize=30&q=butter:relevance&text=butter&sort=relevance,Floralp Vorzugsbutter,4.55,200g,
butter,1698740584-30,https://www.coop.ch/de/search?page=1&pageSize=30&q=butter:relevance&text=butter&sort=relevance,Naturaplan Bio Butter,4.8,200g,
butter,1698740584-31,https://www.coop.ch/de/search?page=1&pageSize=30&q=butter:relevance&text=butter&sort=relevance,Prix Garantie Vorzugsbutter Mödeli,3.45,200g,
butter,1698740584-32,https://www.coop.ch/de/search?page=1&pageSize=30&q=butter:relevance&text=butter&sort=relevance,Pro Montagna Vorzugsbutter,3.7,150g,
butter,1698740584-33,https://www.coop.ch/de/search?page=1&pageSize=30&q=butter:relevance&text=butter&sort=relevance,Floralp Vorzugsbutter,2.15,100g,
butter,1698740584-34,https://www.coop.ch/de/search?page=1&pageSize=30&q=butter:relevance&text=butter&sort=relevance,Naturaplan Bio Butter Portion 4x15g,2.1,60g,
butter,1698740584-35,https://www.coop.ch/de/search?page=1&pageSize=30&q=butter:relevance&text=butter&sort=relevance,Floralp Vorzugsbutter,2.4,100g,
butter,1698740584-36,https://www.coop.ch/de/search?page=1&pageSize=30&q=butter:relevance&text=butter&sort=relevance,Naturaplan Bio Joghurt-Butter,4.85,200g,
butter,1698740584-37,https://www.coop.ch/de/search?page=1&pageSize=30&q=butter:relevance&text=butter&sort=relevance,Free From Vorzugsbutter lactosefrei,5.15,200g,
butter,1698740584-38,https://www.coop.ch/de/search?page=1&pageSize=30&q=butter:relevance&text=butter&sort=relevance,Naturaplan Bio Regio Butter Romandie,4.7,200g,
butter,1698740584-39,https://www.coop.ch/de/search?page=1&pageSize=30&q=butter:relevance&text=butter&sort=relevance,Halbfettbutter -50% Fett,3.45,200g,
butter,1698740584-40,https://www.coop.ch/de/search?page=1&pageSize=30&q=butter:relevance&text=butter&sort=relevance,Emmi Butter mit Rapsöl,4.25,200g,
butter,1698740584-41,https://www.coop.ch/de/search?page=1&pageSize=30&q=butter:relevance&text=butter&sort=relevance,Naturaplan Bio Butter,2.6,100g,
butter,1698740584-42,https://www.coop.ch/de/search?page=1&pageSize=30&q=butter:relevance&text=butter&sort=relevance,Free From Bio Vorzugsbutter,2.95,100g,
butter,1698740584-43,https://www.coop.ch/de/search?page=1&pageSize=30&q=butter:relevance&text=butter&sort=relevance,Prix Garantie Soft Butter mit Rapsöl,3.5,200g,
butter,1698740584-44,https://www.coop.ch/de/search?page=1&pageSize=30&q=butter:relevance&text=butter&sort=relevance,Naturli Bio streichzarter Block,4.1,200g,
butter,1698740584-45,https://www.coop.ch/de/search?page=1&pageSize=30&q=butter:relevance&text=butter&sort=relevance,Milco Beurre de Tradition,4.3,150g,
butter,1698740584-46,https://www.coop.ch/de/search?page=1&pageSize=30&q=butter:relevance&text=butter&sort=relevance,EchtEntlebuch Heumilchbutter,3.45,150g,
butter,1698740584-47,https://www.coop.ch/de/search?page=1&pageSize=30&q=butter:relevance&text=butter&sort=relevance,Emmi good day Buttermousse,4.95,130g,
butter,1698740584-48,https://www.coop.ch/de/search?page=1&pageSize=30&q=butter:relevance&text=butter&sort=relevance,Cremo Butter streichbar,4.7,200g,
butter,1698740584-49,https://www.coop.ch/de/search?page=1&pageSize=30&q=butter:relevance&text=butter&sort=relevance,Beurre du Pays Butter,4.15,200g,
butter,1698740584-50,https://www.coop.ch/de/search?page=1&pageSize=30&q=butter:relevance&text=butter&sort=relevance,Die Butter Mödeli,3.95,250g,
butter,1698740584-51,https://www.coop.ch/de/search?page=1&pageSize=30&q=butter:relevance&text=butter&sort=relevance,Butter Mödeli,3.8,250g,
butter,1698740584-52,https://www.coop.ch/de/search?page=1&pageSize=30&q=butter:relevance&text=butter&sort=relevance,Die Butter Kochbutter,4.45,250g,
butter,1698740584-53,https://www.coop.ch/de/search?page=1&pageSize=30&q=butter:relevance&text=butter&sort=relevance,Becel Classic,2.7,225g,
eggs,1698742811-1,https://www.coop.ch/de/search?page=1&pageSize=30&q=Eier:relevance&text=Eier&sort=relevance,Naturafarm Eier aus Freilandhaltung 53g+ 10 Stück,6.1,,10.0
eggs,1698742811-2,https://www.coop.ch/de/search?page=1&pageSize=30&q=Eier:relevance&text=Eier&sort=relevance,Naturaplan Bio Eier aus Freilandhaltung 60g+ 6 Stück,5.2,,6.0
eggs,1698742811-3,https://www.coop.ch/de/search?page=1&pageSize=30&q=Eier:relevance&text=Eier&sort=relevance,Bio Eier Schweiz aus Freilandhaltung 10 Stück 53g+,7.95,,10.0
eggs,1698742811-4,https://www.coop.ch/de/search?page=1&pageSize=30&q=Eier:relevance&text=Eier&sort=relevance,Schweizer Eier Bodenhaltung 53g+ 10 Stück,4.1,,10.0
eggs,1698742811-5,https://www.coop.ch/de/search?page=1&pageSize=30&q=Eier:relevance&text=Eier&sort=relevance,Prix Garantie Eier Bodenhaltung 53g+ 15 Stück,4.25,,15.0
eggs,1698742811-6,https://www.coop.ch/de/search?page=1&pageSize=30&q=Eier:relevance&text=Eier&sort=relevance,Naturafarm Eier aus Freilandhaltung 53g+ 6 Stück,3.95,,6.0
eggs,1698742811-7,https://www.coop.ch/de/search?page=1&pageSize=30&q=Eier:relevance&text=Eier&sort=relevance,Naturaplan Bio Eier aus Freilandhaltung 53g+ 4 Stück,3.55,,4.0
eggs,1698742811-8,https://www.coop.ch/de/search?page=1&pageSize=30&q=Eier:relevance&text=Eier&sort=relevance,Naturafarm Eier aus Freilandhaltung 63g+ 4 Stück,2.95,,4.0
eggs,1698742811-9,https://www.coop.ch/de/search?page=1&pageSize=30&q=Eier:relevance&text=Eier&sort=relevance,Eier Freiland Gross 63g+ 6 Stück,4.1,,6.0
eggs,1698742811-10,https://www.coop.ch/de/search?page=1&pageSize=30&q=Eier:relevance&text=Eier&sort=relevance,Naturaplan Bio Regio Eier Züribiet 60g+ 6 Stück,5.95,,6.0
eggs,1698742811-11,https://www.coop.ch/de/search?page=1&pageSize=30&q=Eier:relevance&text=Eier&sort=relevance,Naturafarm Eier aus Freilandhaltung 70g+ 6 Stück,4.95,,6.0
eggs,1698742811-12,https://www.coop.ch/de/search?page=1&pageSize=30&q=Eier:relevance&text=Eier&sort=relevance,Qualité & Prix Eier Freiland Schweiz 10 Stück,4.95,,10.0
eggs,1698742811-13,https://www.coop.ch/de/search?page=1&pageSize=30&q=Eier:relevance&text=Eier&sort=relevance,Naturafarm Eier aus Freilandhaltung 53g+ 12 Stück,6.2,,12.0
eggs,1698742811-14,https://www.coop.ch/de/search?page=1&pageSize=30&q=Eier:relevance&text=Eier&sort=relevance,Naturaplan Bio Eier Schweiz Demeter 6 Stück 53g+,6.8,,6.0
eggs,1698742811-15,https://www.coop.ch/de/search?page=1&pageSize=30&q=Eier:relevance&text=Eier&sort=relevance,Prix Garantie Eier Bodenhaltung 10 Stück,3.95,,10.0
eggs,1698742811-16,https://www.coop.ch/de/search?page=1&pageSize=30&q=Eier:relevance&text=Eier&sort=relevance,Flüssiges Eiweiss,4.5,,2.0
flour,1698742722-1,https://www.coop.ch/de/search?page=3&pageSize=30&q=Mehl:relevance&text=Mehl&sort=relevance,Gelierzucker Suisse Garantie,2.4,1kg,
flour,1698742725-3,https://www.coop.ch/de/search?page=2&pageSize=30&q=Mehl:relevance&text=Mehl&sort=relevance,Sapori d'Italia Pastamehl,3.5,1kg,
flour,1698742725-9,https://www.coop.ch/de/search?page=2&pageSize=30&q=Mehl:relevance&text=Mehl&sort=relevance,Naturaplan Bio Halbweissmehl,3.2,1kg,
flour,1698742725-10,https://www.coop.ch/de/search?page=2&pageSize=30&q=Mehl:relevance&text=Mehl&sort=relevance,Sapori d'Italia Manitobamehl,2.95,1kg,
flour,1698742725-12,https://www.coop.ch/de/search?page=2&pageSize=30&q=Mehl:relevance&text=Mehl&sort=relevance,Schär Brot-Mix glutenfrei,6.4,1kg,
flour,1698742725-16,https://www.coop.ch/de/search?page=2&pageSize=30&q=Mehl:relevance&text=Mehl&sort=relevance,Prix Garantie Feinkristallzucker,1.3,1kg,
flour,1698742725-17,https://www.coop.ch/de/search?page=2&pageSize=30&q=Mehl:relevance&text=Mehl&sort=relevance,Feinkristallzucker IP Suisse 10x  1kg,8.0,10x 1kg,
flour,1698742725-18,https://www.coop.ch/de/search?page=2&pageSize=30&q=Mehl:relevance&text=Mehl&sort=relevance,Naturaplan Bio Kristallzucker,2.7,1kg,
flour,1698742725-21,https://www.coop.ch/de/search?page=2&pageSize=30&q=Mehl:relevance&text=Mehl&sort=relevance,Fairtrade Rohzucker grob,2.3,1kg,
flour,1698742725-23,https://www.coop.ch/de/search?page=2&pageSize=30&q=Mehl:relevance&text=Mehl&sort=relevance,Fairtrade Rohzucker gemahlen,2.3,1kg,
flour,1698742728-28,https://www.coop.ch/de/search?page=1&pageSize=30&q=Mehl:relevance&text=Mehl&sort=relevance,Prix Garantie Weissmehl,1.0,1kg,
flour,1698742728-29,https://www.coop.ch/de/search?page=1&pageSize=30&q=Mehl:relevance&text=Mehl&sort=relevance,Weissmehl IP Suisse 10x  1kg,14.5,10x 1kg,
flour,1698742728-30,https://www.coop.ch/de/search?page=1&pageSize=30&q=Mehl:relevance&text=Mehl&sort=relevance,Naturaplan Bio CH Weissmehl,3.2,1kg,
flour,1698742728-31,https://www.coop.ch/de/search?page=1&pageSize=30&q=Mehl:relevance&text=Mehl&sort=relevance,Sapori d'Italia Pizzamehl,2.95,1kg,
flour,1698742728-32,https://www.coop.ch/de/search?page=1&pageSize=30&q=Mehl:relevance&text=Mehl&sort=relevance,Naturaplan Bio Urdinkelmehl hell,4.8,1kg,
flour,1698742728-33,https://www.coop.ch/de/search?page=1&pageSize=30&q=Mehl:relevance&text=Mehl&sort=relevance,Naturaplan Bio Zopfmehl,3.8,1kg,
flour,1698742728-34,https://www.coop.ch/de/search?page=1&pageSize=30&q=Mehl:relevance&text=Mehl&sort=relevance,Naturaplan Bio Vollkornmehl,3.2,1kg,
flour,1698742728-35,https://www.coop.ch/de/search?page=1&pageSize=30&q=Mehl:relevance&text=Mehl&sort=relevance,Dinkelmehl hell,3.8,1kg,
flour,1698742728-37,https://www.coop.ch/de/search?page=1&pageSize=30&q=Mehl:relevance&text=Mehl&sort=relevance,Ruchmehl,2.2,1kg,
flour,1698742728-38,https://www.coop.ch/de/search?page=1&pageSize=30&q=Mehl:relevance&text=Mehl&sort=relevance,Zopfmehl IP Suisse,2.4,1kg,
flour,1698742728-39,https://www.coop.ch/de/search?page=1&pageSize=30&q=Mehl:relevance&text=Mehl&sort=relevance,Naturaplan Bio Bauernmehl,2.95,1kg,
flour,1698742728-40,https://www.coop.ch/de/search?page=1&pageSize=30&q=Mehl:relevance&text=Mehl&sort=relevance,Weissmehl Stadtmühle Zürich,2.3,1kg,
flour,1698742728-41,https://www.coop.ch/de/search?page=1&pageSize=30&q=Mehl:relevance&text=Mehl&sort=relevance,Naturaplan Bio Knöpfli-Mehl,3.6,1kg,
flour,1698742728-42,https://www.coop.ch/de/search?page=1&pageSize=30&q=Mehl:relevance&text=Mehl&sort=relevance,IP Suisse Weissmehl,4.95,2.5kg,
flour,1698742728-43,https://www.coop.ch/de/search?page=1&pageSize=30&q=Mehl:relevance&text=Mehl&sort=relevance,Prix Garantie Zopfmehl,2.0,1kg,
flour,1698742728-45,https://www.coop.ch/de/search?page=1&pageSize=30&q=Mehl:relevance&text=Mehl&sort=relevance,Naturaplan Bio Ruchmehl,3.2,1kg,
flour,1698742728-46,https://www.coop.ch/de/search?page=1&pageSize=30&q=Mehl:relevance&text=Mehl&sort=relevance,Betty Bossi Universal Backmehlmix glutenfrei,4.95,1kg,
flour,1698742728-51,https://www.coop.ch/de/search?page=1&pageSize=30&q=Mehl:relevance&text=Mehl&sort=relevance,Naturaplan Bio Roggenschrotmehl,3.5,1kg,
flour,1698742728-53,https://www.coop.ch/de/search?page=1&pageSize=30&q=Mehl:relevance&text=Mehl&sort=relevance,Naturaplan Bio Roggenmehl hell,2.95,1kg,
butter,1698740582-1,https://www.migros.ch/de/search?query=Butter&filter.category=7494731,Die Butter,3.95,250g,
butter,1698740582-2,https://www.migros.ch/de/search?query=Butter&filter.category=7494731,Butter,3.5,200g,
butter,1698740582-3,https://www.migros.ch/de/search?query=Butter&filter.category=7494731,Die Butter,4.45,250g,
butter,1698740582-4,https://www.migros.ch/de/search?query=Butter&filter.category=7494731,Butter,2.5,100g,
butter,1698740582-5,https://www.migros.ch/de/search?query=Butter&filter.category=7494731,Butter,4.8,200g,
butter,1698740582-6,https://www.migros.ch/de/search?query=Butter&filter.category=7494731,Butter,2.1,60g,
butter,1698740582-7,https://www.migros.ch/de/search?query=Butter&filter.category=7494731,Butter,2.6,100g,
butter,1698740582-8,https://www.migros.ch/de/search?query=Butter&filter.category=7494731,Streichfähige Butter,4.55,200g,
butter,1698740582-9,https://www.migros.ch/de/search?query=Butter&filter.category=7494731,Die Butter,7.5,500g,
butter,1698740582-10,https://www.migros.ch/de/search?query=Butter&filter.category=7494731,Bio Butter,4.7,200g,
butter,1698740582-11,https://www.migros.ch/de/search?query=Butter&filter.category=7494731,Die Butter Schale,8.4,500g,
butter,1698740582-12,https://www.migros.ch/de/search?query=Butter&filter.category=7494731,Café de Paris Butter,2.95,100g,
butter,1698740582-13,https://www.migros.ch/de/search?query=Butter&filter.category=7494731,Gesalzene Butter,2.25,100g,
butter,1698740582-14,https://www.migros.ch/de/search?query=Butter&filter.category=7494731,Butter Tradition,4.0,150g,
butter,1698740582-16,https://www.migros.ch/de/search?query=Butter&filter.category=7494731,Joel Wicki Butter Modeli,3.45,150g,
butter,1698740582-17,https://www.migros.ch/de/search?query=Butter&filter.category=7494731,Anna's Best Chipotle-Butter,4.9,60g,
butter,1698740582-18,https://www.migros.ch/de/search?query=Butter&filter.category=7494731,Kochbutter,3.45,250g,
butter,1698740582-19,https://www.migros.ch/de/search?query=Butter&filter.category=7494731,Wiesenrahm Butter IP-SUISSE,3.95,200g,
butter,1698740582-20,https://www.migros.ch/de/search?query=Butter&filter.category=7494731,Butter Le Marechal pasteurisiert,3.55,150g,
butter,1698740582-21,https://www.migros.ch/de/search?query=Butter&filter.category=7494731,Kochbutter,3.8,250g,
butter,1698740582-22,https://www.migros.ch/de/search?query=Butter&filter.category=7494731,Vorzugsbutter,3.6,200g,
butter,1698740582-23,https://www.migros.ch/de/search?query=Butter&filter.category=7494731,Vorzugsbutter,4.55,200g,
butter,1698740582-24,https://www.migros.ch/de/search?query=Butter&filter.category=7494731,Vorzugsbutter,4.4,200g,
butter,1698740582-25,https://www.migros.ch/de/search?query=Butter&filter.category=7494731,Halbfettbutter,3.45,200g,
butter,1698740582-26,https://www.migros.ch/de/search?query=Butter&filter.category=7494731,Joghurtbutter,4.85,200g,
butter,1698740582-27,https://www.migros.ch/de/search?query=Butter&filter.category=7494731,Zigerbutter,2.8,80g,
butter,1698740582-28,https://www.migros.ch/de/search?query=Butter&filter.category=7494731,Vorzugsbutter,1.95,100g,
butter,1698740582-29,https://www.migros.ch/de/search?query=Butter&filter.category=7494731,Vorzugsbutter,4.2,200g,
butter,1698740582-31,https://www.migros.ch/de/search?query=Butter&filter.category=7494731,Alpbutter,4.8,250g,
butter,1698740582-32,https://www.migros.ch/de/search?query=Butter&filter.category=7494731,Kochbutter,14.6,1000g,
butter,1698740582-33,https://www.migros.ch/de/search?query=Butter&filter.category=7494731,Whiskybutter,3.75,80g,
butter,1698740582-34,https://www.migros.ch/de/search?query=Butter&filter.category=7494731,Vorzugsbutter,1.9,60g,
butter,1698740582-35,https://www.migros.ch/de/search?query=Butter&filter.category=7494731,Migros Bio Kochbutter,4.65,220g,
butter,1698740582-36,https://www.migros.ch/de/search?query=Butter&filter.category=7494731,Käsereibutter,3.7,200g,
butter,1698740582-38,https://www.migros.ch/de/search?query=Butter&filter.category=7494731,Kräuterbutter,4.7,70g,
butter,1698740582-39,https://www.migros.ch/de/search?query=Butter&filter.category=7494731,Trüffelbutter,5.9,80g,
butter,1698740582-40,https://www.migros.ch/de/search?query=Butter&filter.category=7494731,Vorzugsbutter,2.75,150g,
butter,1698740582-41,https://www.migros.ch/de/search?query=Butter&filter.category=7494731,Kräuterbutter,3.75,80g,
butter,1698740582-42,https://www.migros.ch/de/search?query=Butter&filter.category=7494731,Kräuterbutter,3.95,100g,
butter,1698740582-43,https://www.migros.ch/de/search?query=Butter&filter.category=7494731,Kräuterbutter,5.0,120g,
butter,1698740582-45,https://www.migros.ch/de/search?query=Butter&filter.category=7494731,Berg Vorzugsbutter,3.45,150g,
butter,1698740582-46,https://www.migros.ch/de/search?query=Butter&filter.category=7494731,Berg Vorzugsbutter,3.15,150g,
butter,1698740582-47,https://www.migros.ch/de/search?query=Butter&filter.category=7494731,Berg Vorzugsbutter,2.95,150g,
butter,1698740582-48,https://www.migros.ch/de/search?query=Butter&filter.category=7494731,Berg Vorzugsbutter,3.7,150g,
butter,1698740582-49,https://www.migros.ch/de/search?query=Butter&filter.category=7494731,Berg Vorzugsbutter,3.2,150g,
butter,1698740582-50,https://www.migros.ch/de/search?query=Butter&filter.category=7494731,Napfgoldbutter,2.1,100g,
butter,1698740582-51,https://www.migros.ch/de/search?query=Butter&filter.category=7494731,Kräuterbutter Roset,3.4,40g,
butter,1698740582-53,https://www.migros.ch/de/search?query=Butter&filter.category=7494731,Vorzugsbutter IP-SUISSE,4.1,200g,
butter,1698740582-55,https://www.migros.ch/de/search?query=Butter&filter.category=7494731,Kräuterbutter Diavolo,3.9,100g,
butter,1698740582-56,https://www.migros.ch/de/search?query=Butter&filter.category=7494731,Züribieter Butterschaf,5.2,200g,
butter,1698740582-57,https://www.migros.ch/de/search?query=Butter&filter.category=7494731,Valflora Vorzugsbutter,3.45,200g,
butter,1698740582-58,https://www.migros.ch/de/search?query=Butter&filter.category=7494731,Berg Vorzugsbutter gesalzen,3.7,150g,
butter,1698740582-59,https://www.migros.ch/de/search?query=Butter&filter.category=7494731,Floralp Vorzugsbutter Schale,2.4,100g,
butter,1698740582-60,https://www.migros.ch/de/search?query=Butter&filter.category=7494731,Züribieter Molkereibutter,3.9,200g,
butter,1698740582-61,https://www.migros.ch/de/search?query=Butter&filter.category=7494731,Margarine,2.9,250g,
butter,1698740582-62,https://www.migros.ch/de/search?query=Butter&filter.category=7494731,Margarine,5.5,500g,
butter,1698740582-63,https://www.migros.ch/de/search?query=Butter&filter.category=7494731,Anna's Best Laugenbrezel mit Butter,2.95,120g,
butter,1698740582-64,https://www.migros.ch/de/search?query=Butter&filter.category=7494731,Anna's Best Kürbis Butter Nut gekocht,3.3,400g,
eggs,1698742125-1,https://www.migros.ch/de/search?query=Eier&filter.category=7494731,Schweizer Eier M,4.95,,10.0
eggs,1698742125-2,https://www.migros.ch/de/search?query=Eier&filter.category=7494731,Schweizer Eier S,3.5,,6.0
eggs,1698742125-3,https://www.migros.ch/de/search?query=Eier&filter.category=7494731,Schweizer Eier M,7.95,,10.0
eggs,1698742125-4,https://www.migros.ch/de/search?query=Eier&filter.category=7494731,Schweizer Eier M,5.2,,6.0
eggs,1698742125-5,https://www.migros.ch/de/search?query=Eier&filter.category=7494731,Schweizer Eier M,3.75,,6.0
eggs,1698742125-6,https://www.migros.ch/de/search?query=Eier&filter.category=7494731,Import Eier XS,5.95,,15.0
eggs,1698742125-7,https://www.migros.ch/de/search?query=Eier&filter.category=7494731,Schweizer Eier L,3.95,,4.0
eggs,1698742125-8,https://www.migros.ch/de/search?query=Eier&filter.category=7494731,Schweizer Eier S,3.95,,4.0
eggs,1698742125-9,https://www.migros.ch/de/search?query=Eier&filter.category=7494731,Eier Import 48g+,4.25,,15.0
eggs,1698742125-10,https://www.migros.ch/de/search?query=Eier&filter.category=7494731,Schweizer Eier M,6.8,,6.0
eggs,1698742125-11,https://www.migros.ch/de/search?query=Eier&filter.category=7494731,Schweizer Eier M,3.9,,6.0
eggs,1698742125-12,https://www.migros.ch/de/search?query=Eier&filter.category=7494731,Import Eier XS,3.9,,6.0
eggs,1698742125-13,https://www.migros.ch/de/search?query=Eier&filter.category=7494731,Schweizer Eier M,7.95,,12.0
eggs,1698742125-14,https://www.migros.ch/de/search?query=Eier&filter.category=7494731,Schweizer Eier M,5.15,,12.0
eggs,1698742125-15,https://www.migros.ch/de/search?query=Eier&filter.category=7494731,Schweizer Eier M,3.95,,4.0
eggs,1698742125-16,https://www.migros.ch/de/search?query=Eier&filter.category=7494731,CH Picknickeier Freilandhaltung,4.95,,6.0
eggs,1698742125-17,https://www.migros.ch/de/search?query=Eier&filter.category=7494731,Bio Picknickeier Herbamare,2.95,,2.0
eggs,1698742125-18,https://www.migros.ch/de/search?query=Eier&filter.category=7494731,Picknickeier 6 x 50g+,4.65,,6.0
eggs,1698742125-19,https://www.migros.ch/de/search?query=Eier&filter.category=7494731,6 Eier Freilandhaltung 53g+,3.65,,6.0
eggs,1698742125-20,https://www.migros.ch/de/search?query=Eier&filter.category=7494731,Eier aus dem Jura Freiland 10x53g,6.0,,10.0
eggs,1698742125-21,https://www.migros.ch/de/search?query=Eier&filter.category=7494731,Migros Bio Eier Freilandhaltung,7.95,,10.0
eggs,1698742125-22,https://www.migros.ch/de/search?query=Eier&filter.category=7494731,"Eier aus der Region Freiland, 8x53g+",4.6,,8.0
eggs,1698742125-23,https://www.migros.ch/de/search?query=Eier&filter.category=7494731,Ostschweizer Eier Freiland 10x63g+,6.6,,10.0
eggs,1698742125-24,https://www.migros.ch/de/search?query=Eier&filter.category=7494731,Eier Freilandhaltung 63+ IP-SUISSE,0.65,,1.0
eggs,1698742125-25,https://www.migros.ch/de/search?query=Eier&filter.category=7494731,Eier Freiland 53+ IP-SUISSE,6.3,,10.0
eggs,1698742125-26,https://www.migros.ch/de/search?query=Eier&filter.category=7494731,Eier Freilandhaltung 12   53+,7.0,,12.0
eggs,1698742125-27,https://www.migros.ch/de/search?query=Eier&filter.category=7494731,Picknickeier Salz 8 x 50g+,6.2,,8.0
eggs,1698742125-28,https://www.migros.ch/de/search?query=Eier&filter.category=7494731,Picknickeier Freiland 6 x 45g+,4.55,,6.0
eggs,1698742125-29,https://www.migros.ch/de/search?query=Eier&filter.category=7494731,Migros Bio Eier CH 63g+,5.3,,6.0
eggs,1698742125-30,https://www.migros.ch/de/search?query=Eier&filter.category=7494731,Schweizer Eier offen Freiland 68+,0.75,,1.0
eggs,1698742125-31,https://www.migros.ch/de/search?query=Eier&filter.category=7494731,10 Schweizer Eier Freilandhaltung 53g+,5.8,,10.0
eggs,1698742125-32,https://www.migros.ch/de/search?query=Eier&filter.category=7494731,4 Picknick-Eier Freilandhaltung 53g+,3.05,,4.0
eggs,1698742125-33,https://www.migros.ch/de/search?query=Eier&filter.category=7494731,Migros Bio Eier CH Freiland,4.5,,6.0
eggs,1698742125-34,https://www.migros.ch/de/search?query=Eier&filter.category=7494731,AdR IPR Eier FL 4x68g+,3.15,,4.0
eggs,1698742125-35,https://www.migros.ch/de/search?query=Eier&filter.category=7494731,Eier Aargauer Freiland IP-SUISSE,0.75,,1.0
eggs,1698742125-36,https://www.migros.ch/de/search?query=Eier&filter.category=7494731,Picknick Eier 6er Freilandhaltung 53g+,4.25,,6.0
eggs,1698742125-37,https://www.migros.ch/de/search?query=Eier&filter.category=7494731,Migros Bio Eier aus der Region 60g+,5.7,,6.0
eggs,1698742125-38,https://www.migros.ch/de/search?query=Eier&filter.category=7494731,Migros Bio Eier aus der Region 63g+,5.55,,6.0
eggs,1698742125-39,https://www.migros.ch/de/search?query=Eier&filter.category=7494731,Migros Bio Eier aus der Region 53g+,7.95,,10.0
eggs,1698742125-40,https://www.migros.ch/de/search?query=Eier&filter.category=7494731,Migros Bio Eier 60g+ Ostschweiz,8.15,,10.0
eggs,1698742125-41,https://www.migros.ch/de/search?query=Eier&filter.category=7494731,Migros Bio Eier aus der Region 53g+,3.6,,4.0
eggs,1698742125-42,https://www.migros.ch/de/search?query=Eier&filter.category=7494731,Migros Bio Eier aus der Region 53g+,5.35,,6.0
eggs,1698742125-43,https://www.migros.ch/de/search?query=Eier&filter.category=7494731,Bio AdR Eier CH FL 60g+,5.95,,6.0
eggs,1698742125-44,https://www.migros.ch/de/search?query=Eier&filter.category=7494731,Demeter Eier CH 6 x 53g+,6.8,,6.0
eggs,1698742125-45,https://www.migros.ch/de/search?query=Eier&filter.category=7494731,Picknickeier 6 x 50g+ IP-SUISSE,4.5,,6.0
eggs,1698742125-46,https://www.migros.ch/de/search?query=Eier&filter.category=7494731,"Eier aus der Region Freiland, 10 x 53g+",6.0,,10.0
eggs,1698742125-47,https://www.migros.ch/de/search?query=Eier&filter.category=7494731,"Eier aus der Region Freiland, 4 x 68g+",3.1,,4.0
eggs,1698742125-48,https://www.migros.ch/de/search?query=Eier&filter.category=7494731,Picknick-Eier Freiland 6 x 50g+,4.85,,6.0
eggs,1698742125-49,https://www.migros.ch/de/search?query=Eier&filter.category=7494731,"Eier aus der Region Freiland, 12 x 53g+",7.15,,12.0
eggs,1698742125-50,https://www.migros.ch/de/search?query=Eier&filter.category=7494731,Picknick-Eier Freiland 4 x 53g+,3.05,,4.0
eggs,1698742125-51,https://www.migros.ch/de/search?query=Eier&filter.category=7494731,1. August Eier CH Freiland 6x53g+,3.5,,6.0
eggs,1698742125-52,https://www.migros.ch/de/search?query=Eier&filter.category=7494731,Migros Bio Eier 10 x 53g+,8.0,,10.0
eggs,1698742125-53,https://www.migros.ch/de/search?query=Eier&filter.category=7494731,Aargauer Eier Freiland 12 x 53g+,7.6,,12.0
eggs,1698742125-54,https://www.migros.ch/de/search?query=Eier&filter.category=7494731,Picknick-Eier Freiland 6 x 50g+,4.85,,6.0
eggs,1698742125-55,https://www.migros.ch/de/search?query=Eier&filter.category=7494731,"Walliser Eier Freiland, 4 x 63g+",2.95,,4.0
eggs,1698742125-56,https://www.migros.ch/de/search?query=Eier&filter.category=7494731,Ostschweizer Eier Freiland 12 x 53g+,7.0,,12.0
eggs,1698742125-57,https://www.migros.ch/de/search?query=Eier&filter.category=7494731,Eier Freiland Schweiz 6 x 53g+,3.95,,6.0
eggs,1698742125-58,https://www.migros.ch/de/search?query=Eier&filter.category=7494731,Züribieter Eier Freiland 6 x 63g+,4.15,,6.0
eggs,1698742125-59,https://www.migros.ch/de/search?query=Eier&filter.category=7494731,"Walliser Eier Freiland, 10 x 53g+",5.9,,10.0
eggs,1698742125-60,https://www.migros.ch/de/search?query=Eier&filter.category=7494731,Solothurner Eier Freiland 6 x 53g+,3.95,,6.0
eggs,1698742125-61,https://www.migros.ch/de/search?query=Eier&filter.category=7494731,Migros Bio Eier CH Freilandhaltung 53g+,7.95,,10.0
eggs,1698742125-62,https://www.migros.ch/de/search?query=Eier&filter.category=7494731,Berner Eier einzeln Freiland IP-SUISSE,0.75,,1.0
eggs,1698742125-63,https://www.migros.ch/de/search?query=Eier&filter.category=7494731,Eier Freiland 6 x 53+ IP-SUISSE,3.95,,6.0
eggs,1698742125-64,https://www.migros.ch/de/search?query=Eier&filter.category=7494731,Eier Freiland 6 x 63g+ IP-SUISSE,4.45,,6.0
eggs,1698742125-65,https://www.migros.ch/de/search?query=Eier&filter.category=7494731,Eier Freiland 10 x 53g+ IP-SUISSE,6.0,,10.0
eggs,1698742125-66,https://www.migros.ch/de/search?query=Eier&filter.category=7494731,"Eier aus dem Jura CH Freiland, 6 x 63g",4.45,,6.0
eggs,1698742125-67,https://www.migros.ch/de/search?query=Eier&filter.category=7494731,Eier Freiland 6 x 53g+ IP Suisse,3.95,,6.0
eggs,1698742125-68,https://www.migros.ch/de/search?query=Eier&filter.category=7494731,Genfer Eier 4 x 63g+ IP-SUISSE,3.5,,4.0
eggs,1698742125-69,https://www.migros.ch/de/search?query=Eier&filter.category=7494731,Eier Freilandhaltung 4 x 63g+ IP-SUISSE,2.9,,4.0
eggs,1698742125-70,https://www.migros.ch/de/search?query=Eier&filter.category=7494731,Aargauer Eier 6 x 53g+ IP Suisse,3.95,,6.0
eggs,1698742125-71,https://www.migros.ch/de/search?query=Eier&filter.category=7494731,Solothurner Eier 10 x 63g+ IP-SUISSE,6.9,,10.0
eggs,1698742125-72,https://www.migros.ch/de/search?query=Eier&filter.category=7494731,Berner Eier 6 x 53g+ IP-SUISSE,3.95,,6.0
eggs,1698742125-73,https://www.migros.ch/de/search?query=Eier&filter.category=7494731,Ostschweizer Eier IP-Suisse 6 x 63g+,4.3,,6.0
eggs,1698742125-74,https://www.migros.ch/de/search?query=Eier&filter.category=7494731,Aargauer Eier 4 x 63g+ IP-SUISSE,2.9,,4.0
eggs,1698742125-75,https://www.migros.ch/de/search?query=Eier&filter.category=7494731,Berner Eier 10 x 63g+ IP-SUISSE,6.9,,10.0
eggs,1698742125-76,https://www.migros.ch/de/search?query=Eier&filter.category=7494731,Aargauer Eier 10 x 63g+ IP Suisse,6.9,,10.0
eggs,1698742125-77,https://www.migros.ch/de/search?query=Eier&filter.category=7494731,Eier Schweiz 10 x 63g IP-SUISSE,6.8,,10.0
eggs,1698742125-78,https://www.migros.ch/de/search?query=Eier&filter.category=7494731,Eier Freilandhaltung 10 x 63g+ IP-SUISSE,6.6,,10.0
eggs,1698742125-79,https://www.migros.ch/de/search?query=Eier&filter.category=7494731,Eier Schweiz 4 x 63g IP-SUISSE,2.95,,4.0
eggs,1698742125-80,https://www.migros.ch/de/search?query=Eier&filter.category=7494731,Picknickeier +Aromat CH Freiland 2 x 53g+,1.95,,2.0
eggs,1698742125-81,https://www.migros.ch/de/search?query=Eier&filter.category=7494731,Eier FL LU 4 x 63+ IP-SUISSE,3.05,,4.0
eggs,1698742125-82,https://www.migros.ch/de/search?query=Eier&filter.category=7494731,Berner Eier Freiland 12 x 53g+ IP-SUISSE,7.6,,12.0
eggs,1698742125-83,https://www.migros.ch/de/search?query=Eier&filter.category=7494731,Schweizer Wachteleier,5.7,,8.0
eggs,1698742125-84,https://www.migros.ch/de/search?query=Eier&filter.category=7494731,Schachtel Offeneier,3.05,,4.0
eggs,1698742125-85,https://www.migros.ch/de/search?query=Eier&filter.category=7494731,Früh seier 6 x 68g+ IP-SUISSE,4.5,,6.0
eggs,1698742125-86,https://www.migros.ch/de/search?query=Eier&filter.category=7494731,Import Ostereier Freiland 50g+,4.5,,6.0
flour,1698741806-1,https://www.migros.ch/de/search?query=Mehl,Urdinkel-Mehl,3.8,1kg,
flour,1698741806-2,https://www.migros.ch/de/search?query=Mehl,Urdinkel-Mehl,3.8,1kg,
flour,1698741806-3,https://www.migros.ch/de/search?query=Mehl,Halbweiss - Mehl,4.95,1kg,
flour,1698741806-4,https://www.migros.ch/de/search?query=Mehl,Weissmehl,2.1,1kg,
flour,1698741806-5,https://www.migros.ch/de/search?query=Mehl,Haushaltmehl Weissmehl,1.0,1kg,
flour,1698741806-6,https://www.migros.ch/de/search?query=Mehl,Zopfmehl,2.1,1kg,
flour,1698741806-8,https://www.migros.ch/de/search?query=Mehl,Pizzamehl,2.6,1kg,
flour,1698741806-9,https://www.migros.ch/de/search?query=Mehl,Ruchmehl,2.2,1kg,
flour,1698741806-10,https://www.migros.ch/de/search?query=Mehl,Dinkelmehl,3.75,1kg,
flour,1698741806-11,https://www.migros.ch/de/search?query=Mehl,Halbweissmehl,2.1,1kg,
flour,1698741806-12,https://www.migros.ch/de/search?query=Mehl,Weissmehl,3.0,1kg,
flour,1698741806-13,https://www.migros.ch/de/search?query=Mehl,Zopfmehl,3.8,1kg,
flour,1698741806-14,https://www.migros.ch/de/search?query=Mehl,Chnöpflimehl,3.6,1kg,
flour,1698741806-15,https://www.migros.ch/de/search?query=Mehl,Vollkornmehl,2.5,1kg,
flour,1698741806-16,https://www.migros.ch/de/search?query=Mehl,Mehrkornmehl,3.5,1kg,
flour,1698741806-18,https://www.migros.ch/de/search?query=Mehl,Dinkelvollkornmehl,3.4,1kg,
flour,1698741806-19,https://www.migros.ch/de/search?query=Mehl,Roggenvollkornmehl,3.6,1kg,
flour,1698741806-20,https://www.migros.ch/de/search?query=Mehl,Dinkelmehl,3.75,1kg,
flour,1698741806-30,https://www.migros.ch/de/search?query=Mehl,Aus der Region Bauernmehl,2.8,1kg,
flour,1698741806-32,https://www.migros.ch/de/search?query=Mehl,Aus der Region Halbweissmehl,2.6,1kg,
flour,1698741806-33,https://www.migros.ch/de/search?query=Mehl,Aus der Region Zopfmehl,2.5,1kg,
flour,1698741806-34,https://www.migros.ch/de/search?query=Mehl,Aus der Region Zopfmehl,2.8,1kg,
flour,1698741806-42,https://www.migros.ch/de/search?query=Mehl,Mehlmischung glutenfrei,4.9,1kg,
flour,1698741806-43,https://www.migros.ch/de/search?query=Mehl,Aus der Region Zopfmehl,3.95,1kg,
flour,1698741806-44,https://www.migros.ch/de/search?query=Mehl,Mehlmischung,5.9,1kg,
